nombre;descripcion;imagen
Rasos;Tissu d'armure satin offrant une surface extrêmement douce, lisse et brillante. C'est le choix de prédilection pour la confection de robes de soirée, de lingerie haut de gamme et d'éléments décoratifs recherchant une touche de luxe et de distinction.;https://waixo.com/wp-content/uploads/2023/12/cabezal-raso_1.jpg
Draps au mètre;Tissu léger, frais et hautement respirant avec una composition optimisée pour le repos. Sa douceur au contact de la peau le rend parfait pour la confection de parures de draps personnalisées, de taies d'oreiller et de linge de lit durable.;
Toiles unies;Tissu de grande tenue et résistance mécanique, fabriqué avec des fils entrelacés de manière serrée. Sa polyvalence et son fini lisse en font le matériau idéal pour le rembourrage de mobilier, la confection de coussins, de sacs à dos et de projets artisanaux nécessitant de la durabilité.;
Toiles imprimées;Variante résistante de la toile qui intègre des motifs graphiques par impression de haute qualité. Elle combine la robustesse nécessaire pour tapisser chaises et canapés avec une haute valeur décorative pour les rideaux, nappes et accessoires de maison.;
Patchwork;Sélection de tissus en coton de haute qualité avec divers motifs coordonnés. Ils présentent le grammage et la stabilité nécessaires pour des coupes précises dans les projets de couture créative, de matelassage manuel et l'assemblage de chutes pour des couvertures et accessoires uniques.;
Tissus en maille;Structure textile entrelacée offrant une élasticité naturelle et une grande capacité de récupération. C'est un tissu extrêmement confortable qui s'adapte au corps, idéal pour la confection de t-shirts, robes ajustées, vêtements de sport et mode enfantine.;
Tissu éponge;Tissu bouclé à haute capacité d'absorption grâce à sa structure de boucles de coton. Son toucher moelleux et sa résistance aux lavages fréquents le rendent indispensable pour la fabrication de serviettes de bain, peignoirs et accessoires d'hygiène.;
Nappes au mètre;Tissu spécialisé pour le service de table combinant résistance aux taches et un tombé élégant. Il est conçu pour supporter l'usage quotidien et les lavages intensifs, tout en conservant sa couleur et sa texture dans les environnements de salle à manger et d'hôtellerie.;
Entoilages;Matériau de renfort technique appliqué à l'intérieur des vêtements pour structurer et apporter de la tenue. Fondamental pour donner forme aux cols, poignets et revers, assurant que le vêtement conserve son design original.;
Popeline;Tissu de trame fine, dense et au toucher légèrement soyeux. C'est un matériau très apprécié pour la couture par sa stabilité, étant le standard pour la confection de chemises habillées, de chemisiers féminins et de robes d'été fraîches et élégantes.;
Velours;Tissu somptueux avec un poil court et dense créant une texture veloutée incomparable. Il réfléchit la lumière de façon unique, apportant profondeur chromatique et élégance dans la confection de costumes de soirée, vestes et éléments de décoration sophistiqués.;https://galeriasmadrid.es/cdn/shop/files/N061_114_1_154005-3_87733c0d-d269-43c7-8706-efaa98c642f1.webp?v=1749032425&width=990
Tissus à poils;Matériau textile imitant la peau animale avec des fibres synthétiques douces de diverses longueurs. Il offre une grande isolation thermique et un aspect volumineux, idéal pour la création de manteaux d'hiver, déguisements créatifs et couvertures décoratives.;
Similicuir;Alternative synthétique innovante au cuir offrant une surface gravée de haute résistance et un entretien facile. Son fini imperméable et durable est parfait pour le rembourrage de sièges d'extérieur, canapés, confection de sacs et accessoires de mode éthique.;https://m.media-amazon.com/images/I/91qfizwmpTS._AC_UF894,1000_QL80_.jpg
Tissu pour store au mètre;Toile technique de haute densité avec des traitements spécifiques pour la résistance aux rayons UV et aux intempéries. Sa structure renforcée prévient les déchirures et la décoloration, étant le matériau standard pour la protection solaire sur les terrasses et balcons.;
Tissus de mode;Collection dynamique de textiles suivant les dernières tendances des défilés. Comprend des mélanges de fibres et des finis innovants conçus spécifiquement pour la confection de vêtements de saison nécessitant un aspect actuel et avant-gardiste.;
Lin;Fibre naturelle d'origine végétale reconnue pour sa fraîcheur exceptionnelle et ses propriétés antibactériennes. Sa texture irrégulière caractéristique et sa capacité à absorber l'humidité en font le tissu de luxe indispensable pour les climats chauds et la mode estivale.;
Coton;Tissu universel d'origine naturelle, apprécié pour sa douceur, sa respirabilité et son caractère hypoallergénique. C'est la base de l'industrie textile par sa polyvalence, de la confection de vêtements basiques aux articles de maison de haute durabilité.;
Tissus coupe-feu;Matériaux techniques soumis à des processus chimiques ignifuges qui empêchent la propagation des flammes. Ils respectent des normes de sécurité strictes, étant obligatoires pour les rideaux et le rembourrage dans les lieux publics, hôtels et théâtres.;
Tapisserie;Gamme de tissus à haute performance avec des indices de résistance à l'abrasion très élevés. Conçus pour supporter le frottement constant et le poids, ce qui les rend idéaux pour rénover chaises, fauteuils, canapés et têtes de lit avec une garantie de longévité.;
Blondes / Dentelles;Tissu délicat et ornemental présentant des jours et des motifs floraux réalisés avec des fils fins. Apporte un air romantique et sophistiqué utilisé en recouvrement sur des robes de mariée, des détails de lingerie ou des finis décoratifs pour les vêtements de gala.;
Feutrines;Textile non-tissé produit par la compaction de fibres, résultant en un matériau dense qui ne s'effiloche pas à la coupe. Sa rigidité et sa chaleur le rendent parfait pour les travaux manuels scolaires, les décorations de Noël et la chapellerie.;
Gomme EVA;Matériau polymère thermoplastique à structure cellulaire fermée, très léger et flexible. Sa facilité de coupe, de collage et de moulage à la chaleur en fait le matériau phare pour le design de déguisements, accessoires de cosplay et travaux manuels enfantins.;
Tulle;Maille textile très fine et légère créant un effet de transparence et de volume sans ajouter de poids. Tissu fondamental dans la création de voiles, de tutus, de couches de volume pour les robes de soirée et la décoration d'événements.;
Organza;Tissu rigide et translucide avec un éclat irisé caractéristique. Malgré sa légèreté, il garde très bien sa forme, permettant de créer des volants, des nœuds et des structures décoratives pour les robes de cérémonie et les emballages de luxe.;
Gazes;Tissu d'armure ouverte extrêmement vaporeux et délicat. Son tombé fluide et sa semi-transparence le rendent idéal pour la confection de foulards, robes multicouches et vêtements romantiques recherchant légèreté et mouvement.;
Flanelles;Tissu de coton ou de laine soumis à un processus de grattage pour extraire les fibres et créer une surface douce et duveteuse. Excellent isolant thermique, c'est le matériau préféré pour les pyjamas d'hiver, les draps thermiques et les chemises à carreaux.;
Maille pour justaucorps;Textile de haute technologie avec un grand pourcentage d'élasthanne permettant une extension maximale. Conçu pour offrir une totale liberté de mouvement dans la confection de tenues de danse, gymnastique rythmique et patinage.;
Laine;Fibre naturelle animale aux propriétés thermiques inégalables, capable de maintenir la chaleur corporelle même en conditions humides. Son élasticité naturelle et sa résistance aux plis la rendent parfaite pour les pulls de qualité et accessoires d'hiver.;
Mohair;Fibre de luxe provenant du poil de la chèvre Angora, connue pour son éclat soyeux et sa grande chaleur malgré son faible poids. Matériau très apprécié en haute couture pour sa résistance au feutrage et sa douceur exceptionnelle au toucher.;
Draps de laine;Tissu de laine dense et feutré qui ferme la trame, résultant en une surface lisse et très résistante au vent. C'est le tissu classique et robuste par excellence pour la fabrication de manteaux structurés et de vêtements d'extérieur formels.;
Viscose;Fibre cellulosique régénérée combinant le confort du coton avec le tombé et l'éclat de la soie. Tissu très frais et doux qui s'adapte parfaitement au mouvement, idéal pour les chemisiers fluides, les pantalons larges et les robes légères.;
Maille tubulaire;Tissu élastique fabriqué de forme circulaire sans coutures latérales. Sa structure le rend idéal pour la confection de poignets de sweat-shirts, cols de t-shirts et bandes abdominales, facilitant un fini net et professionnel.;
Rideaux au mètre;Sélection de textiles avec différents degrés d'opacité et de tombé, conçus pour habiller les fenêtres. Comprend des voilages légers laissant passer la lumière jusqu'aux tissus occultants (blackout) garantissant l'isolation thermique.;
Tissus de carnaval;Matériaux textiles vibrants, avec des finis brillants, des paillettes ou des textures extravagantes. Conçus pour maximiser l'impact visuel dans les défilés et fêtes, permettant la création de déguisements spectaculaires.;
Tissus de Noël;Tissus décoratifs incorporant des motifs et couleurs traditionnels de la période festive (rouges, verts, dorés). Idéaux pour la confection de nappes thématiques, chaussettes de Noël et détails ornementaux pour la maison.;
Tissus contrecollés mousse;Combinaison technique d'un tissu extérieur uni à une couche de mousse de polyuréthane. Offre un effet rembourré immédiat et une isolation, utilisé pour l'intérieur des sacs et les housses d'appareils électroniques.;
Jean / Denim;Tissu de coton renforcé avec une serge diagonale caractéristique lui conférant une résistance extrême à l'usure. Matériau iconique pour la confection de jeans, vestes de travail et accessoires au look urbain.;
Toile de jute / Sac;Tissu rustique de fibre naturelle (généralement jute ou chanvre) avec une trame ouverte et très résistante. Son esthétique organique est populaire pour la tapisserie industrielle, la décoration d'événements et le jardinage.;
Poil court;Variante de tissu synthétique avec des fibres très courtes et compactes offrant un toucher similaire à la peluche. Extrêmement doux et chaleureux, idéal pour les couvertures de bébés, doublures de vestes et jouets enfantins.;
Moquette;Tissu de grande épaisseur et base renforcée conçu pour le revêtement de sols. Offre des propriétés d'isolation acoustique et thermique, ainsi qu'une marche confortable, idéal pour les salons, événements ou la rénovation d'espaces.;